"last_name, first_name",player_id,year,pa,k_percent,bb_percent,woba,xwoba,sweet_spot_percent,barrel_batted_rate,hard_hit_percent,avg_best_speed,avg_hyper_speed,whiff_percent,swing_percent
"Rasmussen, Drew",656876,2026,236,23.3,5.1,0.269,0.289,29.2,7.7,33.3,75.308681807,93.568506061,23.5,48.5
"Gallen, Zac",668678,2026,261,16.1,6.9,0.357,0.355,32.2,10.6,45.2,80.210694949,95.192757929,18.6,46.5
"Kirby, George",669923,2026,300,19.7,5.7,0.306,0.294,28.8,5.4,41.9,78.567504144,94.255517919,20.7,51.4
"Imanaga, Shota",684007,2026,284,24.3,6.3,0.306,0.306,34.0,10.8,40.7,78.822072813,94.196405729,30.0,50.3
"Schlittler, Cam",693645,2026,275,29.5,4.7,0.218,0.255,33.1,6.6,39.2,75.852813708,93.951877978,28.8,54.8
"Martin, Davis",663436,2026,263,27.0,5.3,0.265,0.292,33.7,7.0,45.1,78.893025647,94.926228,28.4,50.0
"Weathers, Ryan",677960,2026,259,29.0,7.3,0.3,0.315,32.7,11.0,41.2,77.127134024,94.895017975,27.9,44.5
"Kochanowicz, Jack",686799,2026,272,16.5,11.4,0.304,0.348,29.8,7.0,42.9,79.10307871,94.781879622,23.9,45.6
"Cecconi, Slade",677944,2026,272,18.4,7.4,0.353,0.337,37.7,8.6,34.7,76.38226,93.733933265,20.6,46.8
"deGrom, Jacob",594798,2026,238,29.4,5.0,0.291,0.312,41.0,11.5,46.2,81.404228205,95.227882452,33.9,53.3
"Hancock, Emerson",676106,2026,251,25.1,6.0,0.281,0.319,31.8,9.5,42.9,78.620295357,94.769129464,23.8,52.6
"Elder, Bryce",693821,2026,293,20.8,7.5,0.264,0.284,33.7,3.4,38.9,79.693531667,94.236723186,23.2,47.7
"Peralta, Freddy",642547,2026,285,23.9,9.8,0.31,0.304,37.4,5.3,39.6,76.9670125,93.766819728,27.0,47.1
"Sale, Chris",519242,2026,265,30.2,6.4,0.255,0.284,35.8,6.8,29.6,75.926373827,92.880255155,30.0,50.4
"Nelson, Ryne",669194,2026,278,18.7,6.8,0.328,0.35,35.8,11.8,43.1,80.476880294,94.729121133,22.1,54.0
"Ober, Bailey",641927,2026,281,16.4,6.4,0.326,0.323,27.6,9.8,32.7,76.836262358,93.476120849,19.6,48.8
"Cavalli, Cade",676917,2026,268,25.4,7.8,0.322,0.315,36.1,7.7,40.8,78.616703059,94.39013929,25.2,46.0
"Soroka, Michael",647336,2026,255,23.5,5.5,0.3,0.319,37.3,8.5,33.9,77.212396591,93.335019829,22.7,50.3
"Keller, Mitch",656605,2026,280,18.2,7.1,0.289,0.328,36.9,5.9,38.8,76.253467255,93.966262512,21.1,48.3
"May, Dustin",669160,2026,255,20.0,6.7,0.326,0.311,33.1,6.7,48.6,79.215582697,94.960002584,20.6,47.1
"Abbott, Andrew",671096,2026,271,15.5,10.0,0.325,0.348,31.8,7.3,38.3,79.292465474,94.119424105,21.1,46.0
"Misiorowski, Jacob",694819,2026,248,40.3,7.7,0.214,0.234,35.5,2.4,32.3,76.113829355,92.703858862,39.0,48.9
"Early, Connelly",813349,2026,254,22.4,8.7,0.302,0.338,35.9,12.4,42.9,81.067848452,94.85097521,22.0,46.6
"Cease, Dylan",656302,2026,258,35.7,10.1,0.281,0.28,32.1,5.9,37.2,74.508677206,93.965294296,36.0,45.8
"Pérez, Eury",691587,2026,265,27.2,10.6,0.334,0.345,37.5,15.0,42.5,77.316546625,94.707257987,29.1,50.5
"Wacha, Michael",608379,2026,276,21.7,8.0,0.281,0.315,33.5,7.9,38.7,78.191193723,93.852260585,24.0,47.3
"McLean, Nolan",690997,2026,253,29.6,7.5,0.296,0.284,37.5,7.2,38.2,74.628885658,93.775167763,25.3,43.0
"Sánchez, Cristopher",650911,2026,323,29.4,5.0,0.269,0.272,29.4,8.5,44.1,77.163902286,94.718051381,33.6,49.9
"Rea, Colin",607067,2026,257,19.1,7.8,0.331,0.353,34.6,11.9,44.3,82.185295761,94.727836721,22.0,46.7
"Wrobleski, Justin",680736,2026,250,16.0,5.6,0.255,0.31,37.1,7.2,41.2,78.755677604,94.024248698,17.4,48.8
"Baz, Shane",669358,2026,279,20.4,9.7,0.341,0.332,36.3,9.4,39.9,80.233504063,94.597661458,20.3,46.7
"Roupp, Landen",694738,2026,248,27.4,8.9,0.281,0.278,34.0,2.6,26.3,76.962732895,92.359209474,26.2,42.4
"Meyer, Max",676974,2026,277,26.7,9.0,0.269,0.312,31.6,9.3,42.0,79.796562791,94.51913314,30.4,48.0
"King, Michael",650633,2026,273,23.8,10.6,0.284,0.315,30.6,9.8,33.5,75.530689294,93.147877929,28.3,44.8
"Gore, MacKenzie",669022,2026,257,25.3,10.5,0.289,0.315,36.2,9.2,44.2,77.223999383,95.14519858,24.6,48.0
"Soriano, José",667755,2026,289,27.0,10.7,0.265,0.308,33.0,9.0,36.3,77.966378876,93.56349774,33.3,46.3
"Leiter, Jack",683004,2026,264,24.2,9.8,0.328,0.339,38.2,11.2,40.6,75.851213882,94.203999941,27.2,47.3
"Burrows, Mike",681347,2026,275,19.6,7.6,0.367,0.32,36.5,8.7,36.0,76.630967143,93.434841128,23.6,49.2
"Ginn, J.T.",669372,2026,241,21.6,10.8,0.284,0.312,29.4,6.3,35.6,75.798138861,93.487757468,24.9,45.6
"Martinez, Nick",607259,2026,269,15.2,4.5,0.285,0.321,32.2,6.5,31.3,74.839963868,93.16136684,18.7,49.5
"Griffin, Foster",656492,2026,280,23.2,7.5,0.318,0.33,36.7,12.8,37.8,76.464953656,94.255899297,24.4,45.9
"Eovaldi, Nathan",543135,2026,283,23.7,5.7,0.308,0.323,28.2,8.7,40.5,77.940483367,94.253383179,31.5,52.8
"Yamamoto, Yoshinobu",808967,2026,248,23.8,5.2,0.28,0.309,32.2,8.0,40.8,77.522712209,94.715468372,29.0,48.6
"Gilbert, Logan",669302,2026,276,25.0,5.8,0.316,0.315,41.0,10.6,45.7,80.206060532,94.919827219,28.0,48.6
"Rodriguez, Eduardo",593958,2026,272,18.0,9.2,0.29,0.332,35.9,7.6,35.9,78.343759184,93.726907692,19.2,46.2
"Lugo, Seth",607625,2026,299,20.1,7.7,0.321,0.348,38.6,10.2,41.4,79.824751792,94.512794834,17.7,47.4
"Springs, Jeffrey",605488,2026,277,20.6,7.2,0.316,0.311,34.3,9.1,34.3,76.199807959,93.252822143,24.0,47.3
"Gausman, Kevin",592332,2026,280,23.6,4.3,0.279,0.295,32.8,8.0,35.3,74.909992121,93.950153401,25.9,51.3
"Fried, Max",608331,2026,240,20.8,7.9,0.243,0.253,26.6,1.8,30.8,74.389795904,92.929946807,23.2,44.7
"Ashcraft, Braxton",677952,2026,275,25.5,6.2,0.281,0.274,28.4,5.5,37.2,79.344714222,94.108816722,27.0,50.9
"Messick, Parker",800048,2026,272,27.2,7.7,0.272,0.286,35.2,5.1,34.1,76.160592907,93.488799244,27.8,48.8
"Valdez, Framber",664285,2026,295,18.3,8.5,0.311,0.329,30.8,7.2,43.6,79.703236635,94.752132452,21.6,47.6
"Luzardo, Jesús",666200,2026,285,27.4,6.7,0.317,0.283,37.0,6.0,27.2,74.494403556,92.330269333,31.4,46.7
"Severino, Luis",622663,2026,271,24.0,11.4,0.349,0.318,34.1,8.7,38.7,78.384796047,93.696996959,23.0,47.6
"Woo, Bryan",693433,2026,279,24.4,5.0,0.253,0.272,33.3,6.7,43.6,78.039798351,94.469672371,24.4,54.2
"Detmers, Reid",672282,2026,288,28.5,7.6,0.292,0.272,29.6,7.3,36.9,79.337737191,94.016266723,29.4,49.1
"Burns, Chase",695505,2026,249,28.9,8.0,0.261,0.271,26.3,8.7,37.8,77.800707027,94.133467211,33.9,48.9
"Bibee, Tanner",676440,2026,266,20.7,7.9,0.335,0.33,34.9,10.1,46.0,80.470407872,94.845823191,27.2,46.5
"Skenes, Paul",694973,2026,255,29.4,4.7,0.245,0.241,31.3,4.3,32.5,75.678895432,93.157897888,26.2,51.3
"Alcantara, Sandy",645261,2026,323,16.1,6.5,0.331,0.309,29.4,6.6,37.1,77.832091917,93.766515708,21.8,50.9
"Junk, Janson",676083,2026,255,16.9,5.1,0.329,0.31,28.9,6.6,41.6,79.102345833,94.722669372,18.0,49.5
"McGreevy, Michael",700241,2026,239,18.0,6.3,0.291,0.368,35.4,11.1,41.4,77.192111236,94.881151573,20.6,44.9
"Taillon, Jameson",592791,2026,254,20.1,7.9,0.362,0.357,35.9,14.9,38.1,75.913924,94.197885611,25.7,46.1
"Burke, Sean",680732,2026,249,21.7,6.4,0.303,0.308,35.1,6.3,36.8,78.886887326,93.630880468,19.5,48.0
"Vásquez, Randy",681190,2026,249,18.9,6.8,0.324,0.383,38.5,13.2,45.6,80.139117444,95.101872,22.6,49.4
"Ryan, Joe",657746,2026,255,27.5,5.5,0.253,0.269,30.1,9.6,41.0,79.167454578,94.383850121,25.9,50.6
"Williams, Gavin",668909,2026,303,29.0,7.9,0.291,0.319,33.9,12.6,48.6,80.623063736,95.82443511,30.7,49.3
