actual_strikeouts,total_guesses,correct_guesses,within_1,within_2,within_3,within_4,within_5,within_6
0,83,0,0,0,0,0,0,0
1,133,0,0,0,0,0,0,0
2,210,0,1,1,1,1,1,1
3,312,0,138,255,322,352,358,363
4,317,0,360,695,918,1053,1119,1119
5,306,0,140,270,357,420,440,472
6,449,0,19,30,40,43,46,49
7,0,0,0,0,0,0,0,0
8,126,0,0,0,0,0,0,0
9,72,0,0,0,0,0,0,0
,,,,,,,,
actual_strikeouts - percentages,total_guesses,correct_guesses,within_1,within_2,within_3,within_4,within_5,within_6
0,83,-1.0 + %,-1.0 + %,-1.0 + %,-1.0 + %,-1.0 + %,-1.0 + %,-1.0 + %
1,133,-1.0 + %,-1.0 + %,-1.0 + %,-1.0 + %,-1.0 + %,-1.0 + %,-1.0 + %
2,210,0.0 + %,100.0 + %,100.0 + %,100.0 + %,100.0 + %,100.0 + %,100.0 + %
3,312,0.0 + %,38.02 + %,70.25 + %,88.71 + %,96.97 + %,98.62 + %,100.0 + %
4,317,0.0 + %,32.17 + %,62.11 + %,82.04 + %,94.1 + %,100.0 + %,100.0 + %
5,306,0.0 + %,29.66 + %,57.2 + %,75.64 + %,88.98 + %,93.22 + %,100.0 + %
6,449,0.0 + %,35.85 + %,56.6 + %,75.47 + %,81.13 + %,86.79 + %,92.45 + %
7,0,-1.0 + %,-1.0 + %,-1.0 + %,-1.0 + %,-1.0 + %,-1.0 + %,-1.0 + %
8,126,-1.0 + %,-1.0 + %,-1.0 + %,-1.0 + %,-1.0 + %,-1.0 + %,-1.0 + %
9,72,-1.0 + %,-1.0 + %,-1.0 + %,-1.0 + %,-1.0 + %,-1.0 + %,-1.0 + %
