"last_name, first_name","player_id","year","player_age","p_game","p_formatted_ip","pa","ab","hit","single","double","triple","home_run","strikeout","walk","k_percent","bb_percent","batting_avg","slg_percent","on_base_percent","on_base_plus_slg","xba","xslg","woba","xwoba","xobp","xiso","avg_swing_speed","fast_swing_rate","blasts_contact","blasts_swing","squared_up_contact","squared_up_swing","avg_swing_length","swords","exit_velocity_avg","launch_angle_avg","sweet_spot_percent","barrel_batted_rate","hard_hit_percent","avg_best_speed","avg_hyper_speed","whiff_percent","swing_percent"
"Bido, Osvaldo",674370,2025,29,"8","41.2",186,163,47,28,9,1,9,27,16,14.5,8.6,".288",".521",".349","0.870",".260",".483",".373",".350",".331",".223","71.9",24.7,13.5,10.6,35.9,28.2,"7.3",8,"90.5","19.5",32.6,11.3,39.7,"80.912357042","94.379520709",22.9,50.7
"Alcantara, Sandy",645261,2025,29,"8","36.2",168,145,39,25,7,0,7,31,21,18.5,12.5,".269",".462",".357","0.819",".285",".491",".360",".374",".373",".206","72.1",25,14,10.9,35.1,27.5,"7.3",7,"91.9","8.7",34.5,10.3,50,"81.780223966","95.527640345",24.1,46.1
"Holmes, Clay",605280,2025,32,"8","42.2",178,158,37,31,4,1,1,44,16,24.7,9,".234",".291",".309","0.600",".222",".334",".276",".287",".302",".111","71.6",20.4,14.5,11.8,32.4,26.3,"7.3",7,"89.3","5.8",31,5.2,40.5,"78.409798276","94.38548487",21.4,43.6
"Wheeler, Zack",554430,2025,35,"9","58.0",223,210,42,24,9,1,8,74,11,33.2,4.9,".200",".367",".247","0.614",".197",".331",".270",".252",".244",".134","71.8",25.4,12.5,8.9,27.9,19.8,"7.2",9,"88.5","15.3",36.8,8.1,36,"77.779799701","93.673041343",31.1,50.7
"Smith-Shawver, AJ",700363,2025,22,"6","32.2",138,122,29,21,5,0,3,34,15,24.6,10.9,".238",".352",".321","0.673",".288",".464",".305",".362",".366",".176","71.5",20.8,20.3,14.6,43.5,31.3,"7.5",3,"90.9","16.5",39.3,10.1,49.4,"79.0430925","95.902639545",28.6,45
"Woo, Bryan",693433,2025,25,"7","44.1",174,162,33,22,7,0,4,44,8,25.3,4.6,".204",".321",".243","0.564",".226",".368",".250",".278",".268",".142","71.3",21,10.7,8,30.8,23,"7",4,"88.1","16.8",34.7,6.6,37.2,"76.367112667","94.012601417",25.9,54.4
"Buehler, Walker",621111,2025,30,"6","33.2",140,127,32,22,5,0,5,29,9,20.7,6.4,".252",".409",".309","0.718",".255",".420",".318",".320",".312",".166","71.9",25.5,11.1,9.1,29.2,24,"7.5",5,"86.3","10.5",33.3,9.1,31.3,"74.054473265","93.503799794",19.4,45.8
"Wacha, Michael",608379,2025,33,"8","45.1",213,194,46,33,10,1,2,37,16,17.4,7.5,".237",".330",".292","0.622",".257",".399",".279",".310",".312",".142","72.2",26.5,13,10.5,30.5,24.7,"7.4",12,"87.1","14.4",38.4,5.7,34.6,"75.608832949","93.385377372",20.7,49.2
"Holmes, Grant",656550,2025,29,"8","39.1",186,162,33,20,4,0,9,44,21,23.7,11.3,".204",".395",".296","0.691",".249",".450",".307",".345",".338",".201","71.2",19.4,15.5,11.7,32.2,24.4,"7.4",7,"91","6.4",35.8,13.3,45,"80.822061167","95.233302167",24.7,47.7
"Soriano, José",667755,2025,26,"8","45.0",194,173,49,40,6,0,3,37,20,19.1,10.3,".283",".370",".356","0.726",".276",".398",".328",".333",".353",".122","72.2",24.9,20.5,15.4,40.5,30.5,"7.4",7,"91.3","-0.5",26.3,8.8,48.9,"79.666509403","96.016381791",25.3,44.4
"Rodriguez, Eduardo",593958,2025,32,"8","40.2",191,172,53,29,15,1,8,48,15,25.1,7.9,".308",".547",".358","0.905",".264",".462",".388",".341",".323",".198","72.4",33.9,16.7,12.6,34,25.5,"7.2",6,"88.7","18.2",37.5,9.4,38.3,"77.344370968","94.104003952",25.1,46.1
"Dollander, Chase",801403,2025,23,"6","28.0",152,132,34,21,4,0,9,32,16,21.1,10.5,".258",".492",".338","0.830",".270",".575",".361",".392",".352",".305","71.2",20.7,15.3,11.8,32.8,25.3,"7.1",7,"89.4","11.6",35.9,17.5,46.6,"77.07897","95.137441471",22.7,48.2
"Eovaldi, Nathan",543135,2025,35,"9","55.2",210,199,37,27,6,1,3,60,5,28.6,2.4,".186",".271",".220","0.491",".243",".400",".220",".295",".276",".157","72",24.5,14.6,10.4,33,23.5,"7.4",7,"90.6","7.9",34.8,7.1,41.1,"80.364081159","94.762998406",29.1,51.4
"Flaherty, Jack",656427,2025,29,"8","41.0",173,157,37,21,6,1,9,50,14,28.9,8.1,".236",".459",".301","0.760",".262",".486",".331",".348",".325",".224","71.9",23.5,16.5,12.1,32.1,23.5,"7.6",8,"90.4","15.4",45.4,12,40.7,"79.586796667","94.971154486",30.8,45.7
"Hancock, Emerson",676106,2025,26,"5","23.2",129,118,38,25,7,0,6,22,11,17.1,8.5,".322",".534",".380","0.914",".312",".526",".399",".385",".371",".214","72.6",28.9,15.6,12.3,28.7,22.7,"7.3",1,"87.9","12.9",38.5,10.4,38.5,"76.076908542","93.879010625",22.2,48.7
"Lodolo, Nick",666157,2025,27,"8","47.1",197,180,41,28,7,1,5,38,7,19.3,3.6,".228",".361",".277","0.638",".247",".423",".283",".313",".297",".176","71.6",25.3,12,9.9,32.1,26.5,"7.3",15,"89.7","11.4",28.1,7.5,39.7,"79.568801268","94.321597943",22,51.2
"Miller, Bryce",682243,2025,26,"8","39.2",174,149,40,26,10,1,3,35,21,20.1,12.1,".268",".409",".356","0.765",".282",".399",".340",".346",".373",".117","71.5",22.5,13.9,10.8,32.4,25,"7.3",2,"91","15.7",40.2,5.1,41.9,"80.911421552","94.914594522",23,47.7
"Williams, Trevor",592866,2025,33,"8","41.1",186,169,53,40,6,2,5,34,12,18.3,6.5,".314",".462",".357","0.819",".276",".404",".357",".321",".327",".128","71.4",18.7,15.9,12.6,36.8,29.1,"7.4",6,"90.5","17",34.5,5.8,40.3,"80.467363284","94.486043985",20.4,44.8
"Kremer, Dean",665152,2025,29,"8","44.2",190,176,46,28,9,1,8,30,11,15.8,5.8,".261",".460",".305","0.765",".273",".496",".332",".350",".319",".222","71.3",22.1,17.8,15,36.7,30.9,"7.2",6,"89.5","15.4",29.1,10.1,40.5,"78.363588378","94.500678176",17.1,47.5
"Olson, Reese",681857,2025,25,"8","42.2",182,159,37,27,8,0,2,45,18,24.7,9.9,".233",".321",".326","0.647",".248",".394",".296",".324",".340",".146","71.2",20.1,14.9,10.4,36.9,25.8,"7.6",12,"91.3","9.2",33.9,7.8,47,"81.410119825","95.284307257",32.2,43.9
"Williams, Gavin",668909,2025,25,"8","37.0",167,144,41,30,5,0,6,45,23,26.9,13.8,".285",".444",".383","0.827",".276",".451",".370",".364",".376",".176","71.3",20.3,13.7,9.6,31.5,22.1,"7.3",7,"90.1","11.7",34.3,10.1,40.4,"78.971707347","95.021349796",30.5,46.3
"Burnes, Corbin",669203,2025,30,"7","39.2",167,143,33,18,10,0,5,33,19,19.8,11.4,".231",".406",".327","0.733",".265",".440",".325",".348",".358",".175","73",31.9,15.9,12.5,33.3,26.1,"7.6",7,"90.2","7.1",35.4,8.8,46.9,"78.370678036","95.560292162",23.1,44.8
"Pepiot, Ryan",686752,2025,27,"8","44.1",187,168,42,20,11,3,8,38,16,20.3,8.6,".250",".494",".316","0.810",".253",".451",".349",".340",".323",".198","72",28.4,16.7,12.9,32.9,25.6,"7.4",8,"90.2","13.9",33.3,9.8,40.9,"79.278881061","94.937992672",24.6,50.3
"Bubic, Kris",663460,2025,27,"8","48.0",194,178,39,29,8,0,2,47,14,24.2,7.2,".219",".298",".284","0.582",".243",".381",".263",".300",".306",".137","72.3",27.4,12.9,9.5,28.8,21.1,"7.2",9,"87.4","14.1",36.6,7.6,39.7,"75.419236364","93.861047176",27.9,51.2
"Ober, Bailey",641927,2025,29,"8","43.2",191,178,52,35,12,0,5,37,9,19.4,4.7,".292",".444",".330","0.774",".259",".410",".339",".308",".300",".151","72.3",26.1,16.2,12.1,36.6,27.4,"7.5",4,"90.2","20.2",33.6,7,41.3,"79.153415352","94.964986454",25.6,52.6
"Fried, Max",608331,2025,31,"8","51.2",208,193,36,27,5,1,3,47,11,22.6,5.3,".187",".269",".245","0.514",".237",".395",".235",".301",".293",".158","71.3",21.7,12.9,10.1,34.5,26.9,"7.1",9,"87.9","7.4",29.5,7.5,37.7,"76.012493333","93.974048125",22.8,46.1
"Carrasco, Carlos",471911,2025,38,"8","32.0",142,131,39,23,9,0,7,25,10,17.6,7,".298",".527",".345","0.872",".290",".470",".377",".354",".342",".180","72.4",26.6,19.5,15.1,39.1,30.3,"7.6",4,"91.1","14.8",36.4,12.1,42.1,"80.977164528","94.860102381",22.6,46.5
"Singer, Brady",663903,2025,28,"8","41.2",178,161,40,24,8,2,6,39,15,21.9,8.4,".248",".435",".315","0.750",".254",".428",".329",".326",".320",".174","72.4",26.6,16.4,13.3,36.7,29.7,"7.3",7,"90.3","15.9",42.3,9.8,41.5,"80.201040164","94.373373934",22.3,42.3
"Sugano, Tomoyuki",608372,2025,35,"8","46.1",183,173,39,26,5,1,7,26,8,14.2,4.4,".225",".387",".268","0.655",".286",".503",".289",".355",".325",".218","72",26.5,15.6,12.4,38.1,30.2,"7.4",2,"89.1","12.9",36.1,10.2,38.1,"78.399794324","94.136135034",19.6,47.9
"Mikolas, Miles",571945,2025,36,"8","39.1",168,151,38,27,7,2,2,23,13,13.7,7.7,".252",".364",".317","0.681",".267",".453",".305",".341",".332",".186","71.9",24.1,16.6,14,33.6,28.4,"7.2",1,"89","15.3",31.5,10,40.8,"77.069810923","94.577035504",15.6,45.6
"Pfaadt, Brandon",694297,2025,26,"8","46.2",195,181,47,30,10,0,7,41,10,21,5.1,".260",".431",".313","0.744",".306",".515",".326",".374",".356",".209","72.6",31.7,18.1,13.9,35.4,27.2,"7.4",12,"91.6","12.3",43.6,9.3,47.1,"81.289488429","95.454467714",24.4,49.4
"Blanco, Ronel",669854,2025,31,"8","42.1",173,153,32,19,7,0,6,43,17,24.9,9.8,".209",".373",".285","0.658",".198",".349",".292",".276",".276",".150","71.9",25.8,10.6,7.3,27.8,19.2,"7.7",5,"85.5","17.9",23.9,8,29.2,"74.430965818","92.453837064",32.1,47.4
"Houck, Tanner",656557,2025,29,"8","41.1",203,179,57,39,8,0,10,32,17,15.8,8.4,".318",".531",".389","0.920",".301",".496",".401",".381",".378",".195","71.5",26,19.1,15.3,39.6,31.6,"7.3",8,"91","6.8",35.6,8.1,46.3,"79.817193867","95.438010268",21.6,44.5
"Irvin, Jake",663623,2025,28,"8","48.0",223,206,48,30,7,1,10,34,16,15.2,7.2,".233",".422",".291","0.713",".288",".550",".314",".380",".343",".262","71.8",25.7,22.5,18.9,40.8,34.2,"7.4",5,"91.6","16.2",37.8,13.4,48.3,"80.876984353","95.70355929",17.8,46.7
"Peralta, Freddy",642547,2025,29,"8","45.1",204,183,36,26,5,0,5,52,18,25.5,8.8,".197",".306",".272","0.578",".218",".349",".264",".285",".292",".131","71.2",19.4,8.9,6.5,29.6,21.4,"7.3",12,"87.4","19.3",30.1,6,34.6,"76.492738182","93.346643282",30.7,46.8
"Rea, Colin",607067,2025,34,"8","29.2",148,137,35,26,6,0,3,29,9,19.6,6.1,".255",".365",".299","0.664",".262",".434",".295",".320",".306",".172","71.9",24.5,14.4,11.4,42.5,33.6,"7.2",5,"89.8","15.5",40,7.3,40.9,"79.962150727","94.121605596",21.8,43.5
"Priester, Quinn",682990,2025,24,"6","28.1",131,110,28,17,8,0,3,20,19,15.3,14.5,".255",".409",".362","0.771",".263",".409",".345",".348",".370",".146","70.9",16,16.1,12.9,34.2,27.3,"7.4",6,"89.8","7.4",29.3,7.6,34.8,"80.104964889","93.905540111",22.9,43.8
"Ragans, Cole",666142,2025,27,"8","40.2",171,154,37,23,9,1,4,65,13,38,7.6,".240",".390",".300","0.690",".188",".311",".304",".250",".253",".123","71.1",16.9,11.3,7.8,26.4,18.2,"7.3",11,"88.5","15.8",32.6,7.6,40.2,"76.898691522","94.327819011",33.8,49.4
"Feltner, Ryan",663372,2025,28,"6","30.1",135,122,33,20,9,0,4,25,12,18.5,8.9,".270",".443",".333","0.776",".231",".357",".341",".290",".299",".125","72.2",27.4,12.1,9.1,33.9,25.6,"7.4",7,"90","11.1",27.6,4.1,35.7,"79.828118958","94.387792083",26.5,48.5
"Luzardo, Jesús",666200,2025,27,"8","47.0",192,177,44,32,10,0,2,51,13,26.6,6.8,".249",".339",".297","0.636",".245",".373",".284",".296",".298",".128","71.6",24,11.8,8.3,32.9,23.1,"7.5",11,"89","12.2",34.4,6.3,39.8,"78.370793125","93.942410394",31.2,48.4
"Márquez, Germán",608566,2025,30,"8","37.0",171,153,50,32,13,1,4,20,13,11.7,7.6,".327",".503",".391","0.894",".288",".442",".393",".349",".355",".154","72.8",32.4,17.8,15.4,32.9,28.3,"7.4",9,"89.5","13.9",32.1,5.2,44,"78.056425455","94.698287273",17.1,49.4
"Baz, Shane",669358,2025,26,"7","38.1",163,145,37,27,5,0,5,40,14,24.5,8.6,".255",".393",".327","0.720",".220",".382",".322",".300",".297",".162","71.8",24.9,14.6,11.7,31.1,24.9,"7.2",6,"90.7","14.6",27.1,10.3,42.1,"80.630361887","94.739511132",21.9,48.1
"Liberatore, Matthew",669461,2025,25,"7","41.0",184,177,40,29,9,0,2,42,7,22.8,3.8,".226",".311",".255","0.566",".246",".372",".252",".280",".274",".127","72.5",31,16.7,12.8,40.9,31.3,"7.5",4,"90.4","11.1",32.6,8.1,46.7,"80.296008507","94.869463358",25.5,50.2
"Bassitt, Chris",605135,2025,36,"8","45.2",196,185,48,34,7,1,6,49,8,25,4.1,".259",".405",".296","0.701",".247",".387",".308",".292",".284",".140","71.4",18.7,14.9,11.7,30.5,24.1,"7.2",11,"87.6","11.7",33.6,6.6,37.2,"75.816103768","93.73629365",24.1,50.2
"Gore, MacKenzie",669022,2025,26,"9","52.2",213,193,45,30,6,1,8,75,16,35.2,7.5,".233",".399",".292","0.691",".223",".410",".305",".303",".286",".186","71",22.5,13.6,9,29.8,19.8,"7.2",8,"91.2","17.5",38,11.6,45.5,"81.255731333","95.241151681",34.6,49.5
"Senzatela, Antonio",622608,2025,30,"8","39.0",185,173,66,46,12,0,8,19,9,10.3,4.9,".382",".590",".413","1.003",".336",".589",".435",".411",".374",".253","71.6",23.9,22.6,18.9,41.7,35,"7.3",8,"91","7.6",31.4,10.9,47.4,"79.323465526","95.803496316",18,46.2
"Bradley, Taj",671737,2025,24,"8","46.2",191,170,40,26,7,0,7,35,19,18.3,9.9,".235",".400",".314","0.714",".233",".371",".318",".303",".312",".138","72.5",30.3,12.8,10.4,28.5,23.2,"7.3",11,"89","11.4",28.7,5.1,35.3,"78.799776471","93.698159559",21.1,47.4
"Anderson, Tyler",542881,2025,35,"8","45.1",186,166,31,15,8,1,7,39,17,21,9.1,".187",".373",".263","0.636",".215",".399",".275",".294",".291",".184","72.1",27,12,9,28.9,21.7,"7.5",8,"86.8","20.2",42.6,7.8,31,"75.492202031","93.096557188",27.2,50.1
"Mlodzinski, Carmen",669387,2025,26,"8","36.1",162,150,45,31,9,1,4,26,11,16,6.8,".300",".453",".352","0.805",".309",".481",".355",".364",".360",".172","71.6",25.3,18.9,15.2,40,32.1,"7.2",4,"90.3","12.2",37.1,8.1,42.7,"79.680434032","94.847550565",20,45.2
"Skenes, Paul",694973,2025,23,"8","48.2",215,199,40,23,12,1,4,53,15,24.7,7,".201",".332",".260","0.592",".211",".334",".265",".267",".270",".122","71.1",21.4,10.9,8.1,30.9,23,"7.3",5,"88.7","8.7",28.1,4.8,39.7,"78.148076301","93.817895",26.5,49.5
"Freeland, Kyle",607536,2025,32,"8","39.1",182,172,58,42,12,1,3,30,7,16.5,3.8,".337",".471",".365","0.836",".305",".465",".366",".344",".334",".160","72.3",27.6,17.6,14.5,36.1,29.7,"7.4",13,"90.2","7",35.4,6.3,43.1,"79.752010986","94.791077376",21.2,53.1
"Lively, Ben",594902,2025,33,"8","41.2",178,163,38,24,8,0,6,29,15,16.3,8.4,".233",".393",".298","0.691",".256",".471",".307",".340",".319",".215","72.1",26.7,14.8,12.7,36.4,31.3,"7.2",5,"92.1","20.4",35.1,10.4,44.8,"82.966507313","95.267296791",16.2,47.1
"Hendricks, Kyle",543294,2025,35,"7","35.2",148,130,30,19,5,0,6,21,15,14.2,10.1,".231",".408",".318","0.726",".254",".451",".323",".346",".341",".196","72.2",25.8,13.8,11.4,27,22.5,"7.4",1,"85","15.3",30,9.1,30.9,"72.252258","92.870871091",16.2,45.2
"Senga, Kodai",673540,2025,32,"7","38.2",152,134,28,20,6,1,1,35,17,23,11.2,".209",".291",".303","0.594",".226",".343",".275",".298",".319",".117","71.1",21.4,13.6,10.5,33.5,25.8,"7.4",8,"88.9","14.6",28.3,6.1,42.4,"77.694002857","94.173083505",26.5,45.8
"Lord, Brad",695418,2025,25,"10","29.1",129,114,33,24,5,1,3,23,12,17.8,9.3,".289",".430",".367","0.797",".313",".453",".355",".370",".388",".140","70.8",17.6,13.2,10.6,31,25,"6.9",3,"89.3","12.6",39.1,5.4,44.6,"77.74502","94.721473077",21.5,50.8
"Gausman, Kevin",592332,2025,34,"8","45.1",175,160,32,20,8,0,4,40,12,22.9,6.9,".200",".325",".251","0.576",".246",".457",".253",".320",".295",".211","72.7",29.9,14.3,10.9,28.6,21.7,"7.3",5,"90.7","16.9",34.1,12.2,45.5,"80.027309355","95.105044309",24.6,51.4
"Burke, Sean",680732,2025,25,"9","43.1",191,164,39,23,8,0,8,29,22,15.2,11.5,".238",".433",".342","0.775",".283",".560",".346",".402",".381",".278","72.1",26.9,17.8,13.3,35.5,26.6,"7.2",6,"88.3","15.9",40.4,12.5,41.9,"75.622864627","94.780277143",25.5,44.5
"Walker, Taijuan",592836,2025,32,"7","31.1",135,120,26,18,5,1,2,29,13,21.5,9.6,".217",".325",".304","0.629",".242",".362",".287",".308",".327",".120","71.6",20.8,14.5,11.6,32.1,25.6,"7.3",2,"88.6","11.4",31.9,5.5,38.5,"78.048955111","93.678966222",20.9,42.7
"Gray, Sonny",543243,2025,35,"8","46.1",186,170,39,27,6,0,6,47,11,25.3,5.9,".229",".371",".283","0.654",".264",".441",".290",".329",".316",".178","72.8",29.2,14.7,11.3,32.1,24.7,"7.5",8,"88.9","16.2",36.3,9.7,39.5,"77.418518387","94.374019194",25.8,46.2
"Newcomb, Sean",656794,2025,32,"8","27.2",155,140,47,42,4,0,1,37,12,23.9,7.7,".336",".386",".392","0.778",".268",".375",".352",".313",".331",".107","71.8",23.4,12.4,10,30,24.1,"7.3",2,"91","9.9",30.8,4.8,49,"80.8962284","95.2069857",20.3,47
"Gallen, Zac",668678,2025,29,"9","51.0",218,193,44,27,10,1,6,54,23,24.8,10.6,".228",".383",".312","0.695",".229",".391",".311",".311",".314",".161","72.1",28.4,17.8,13.1,37.3,27.5,"7.5",11,"90","17.1",35,7.9,41.4,"79.611673429","94.4930465",27.9,41.9
"Warren, Will",701542,2025,26,"8","36.0",158,139,33,20,8,1,4,41,16,25.9,10.1,".237",".396",".312","0.708",".271",".435",".313",".338",".342",".164","71.3",21.6,21.1,15.2,39.8,28.6,"7.2",7,"93.3","10.2",37,11,52,"83.7952896","96.284490101",26.9,39.5
"Kikuchi, Yusei",579328,2025,34,"8","42.1",211,187,49,36,6,0,7,43,22,20.4,10.4,".262",".406",".341","0.747",".266",".469",".332",".355",".347",".203","72.2",28.3,16.1,12.6,33.6,26.3,"7.2",2,"90.4","15.9",31.7,10.3,39.3,"79.644839583","94.951470909",22.1,46.6
"Meyer, Max",676974,2025,26,"8","45.1",195,176,45,29,8,0,8,52,16,26.7,8.2,".256",".438",".323","0.761",".264",".467",".335",".354",".335",".203","73",33.8,19.3,13.3,40.1,27.6,"7.4",8,"93.1","8.6",27.2,10.4,48.8,"84.103104516","96.033892033",31.2,47.1
"Allen, Logan",671106,2025,26,"7","35.1",162,136,40,30,7,0,3,25,19,15.4,11.7,".294",".412",".375","0.787",".251",".452",".350",".352",".345",".201","72.2",30.9,14.9,12.7,32.8,28,"7.4",4,"89","16.7",27.6,11.2,35.3,"78.025694211","94.205234123",16.5,41.7
"Quantrill, Cal",615698,2025,30,"7","31.2",158,143,46,28,12,0,6,23,13,14.6,8.2,".322",".531",".380","0.911",".312",".536",".396",".390",".374",".224","72.4",30.6,19.8,16.2,40.1,32.8,"7.4",6,"91.9","15.1",41.3,11.6,44.6,"82.360555593","95.299311864",19.9,45.1
"Sale, Chris",519242,2025,36,"9","47.2",212,192,54,38,8,3,5,64,13,30.2,6.1,".281",".432",".341","0.773",".230",".375",".342",".295",".295",".145","70.7",21.4,9.6,6.9,28.3,20.3,"7.4",15,"88.1","14.4",37.7,9.2,31.5,"77.099973385","93.626084186",32.7,50
"Littell, Zack",641793,2025,29,"8","47.0",188,176,43,25,8,0,10,30,9,16,4.8,".244",".460",".278","0.738",".274",".524",".317",".352",".309",".250","72",27.6,17.2,13.9,36.9,30,"7.4",2,"90.5","15.2",32.4,12.8,45.9,"80.117845405","94.939830816",18,53.8
"Greene, Hunter",668881,2025,25,"8","45.2",176,166,29,16,5,1,7,61,8,34.7,4.5,".175",".343",".222","0.565",".185",".365",".249",".258",".231",".180","70.6",14.6,12.2,8.4,29.5,20.3,"7.2",11,"90.3","22.3",32.4,10.5,42.9,"80.204948113","94.630251714",33.7,56.8
"Canning, Griffin",656288,2025,29,"8","42.0",174,158,37,29,3,1,4,42,16,24.1,9.2,".234",".342",".305","0.647",".241",".386",".292",".307",".311",".145","72.4",27.5,13,9.5,33.2,24.3,"7.4",8,"91.9","8",29.3,6,48.3,"82.347725789","95.330747018",26.6,46.9
"Cabrera, Edward",665795,2025,27,"6","29.1",131,116,32,20,7,0,5,26,13,19.8,9.9,".276",".466",".351","0.817",".270",".450",".359",".346",".346",".181","71.5",23.2,14.6,12.1,35,28.9,"7.4",6,"89.9","13.5",35.2,7.7,44,"79.05368","94.674719333",21,41
"Gusto, Ryan",687473,2025,26,"9","27.2",135,123,34,24,5,1,4,31,11,23,8.1,".276",".431",".341","0.772",".266",".462",".342",".344",".331",".196","71.4",22.3,16.7,12.2,36.2,26.5,"7.2",0,"92.4","18.7",34.8,9.8,46.7,"83.280470652","95.512866522",26,50.8
"Wesneski, Hayden",669713,2025,27,"6","32.0",131,121,29,14,8,0,7,29,6,22.1,4.6,".240",".479",".279","0.758",".259",".481",".327",".335",".300",".222","72.1",27.1,12.5,9.8,34.5,27.1,"7.3",8,"89.7","16.3",35.8,10.5,42.1,"79.32545587","94.265432935",23.2,47.4
"Woods Richardson, Simeon",680573,2025,24,"7","33.2",145,130,36,23,7,0,6,31,12,21.4,8.3,".277",".469",".345","0.814",".263",".543",".357",".371",".333",".280","71.4",22.4,15.7,12.2,31.8,24.8,"7.2",6,"90.2","22.2",41,17,46,"79.3624506","94.739400202",23.4,47.9
"Jobe, Jackson",695549,2025,22,"6","27.2",148,124,29,19,4,0,6,27,20,18.2,13.5,".234",".411",".340","0.751",".239",".438",".335",".341",".344",".199","71.7",24.1,15,11.6,37.2,28.9,"7.4",5,"89.1","12.5",35,9,43,"77.8020046","94.460010303",23.1,45.3
"Corbin, Patrick",571578,2025,35,"6","31.2",134,120,32,22,6,0,4,20,12,14.9,9,".267",".417",".333","0.750",".274",".449",".333",".343",".340",".175","71.8",25.5,11.6,9.3,34.3,27.3,"7.5",3,"88.3","13.5",38.2,5.9,31.4,"78.8044312","92.9689142",20.9,46.4
"Quintana, Jose",500779,2025,36,"6","34.0",138,126,31,23,3,0,5,24,11,17.4,8,".246",".389",".307","0.696",".271",".448",".310",".337",".329",".177","71.2",20.1,16.7,13.9,41.4,34.5,"7.4",2,"90.2","12.8",33,8.7,42.7,"80.875992941","94.33782901",17.5,42.6
"Megill, Tylor",656731,2025,29,"8","40.2",176,155,34,27,3,1,3,52,17,29.5,9.7,".219",".310",".307","0.617",".230",".351",".283",".300",".316",".122","71.7",23.4,14.1,10.4,35.9,26.4,"7.3",7,"89.9","14.7",29.8,5.8,45.2,"79.158530769","94.90208534",28.7,43.8
"López, Pablo",641154,2025,29,"7","39.0",155,145,31,22,6,0,3,43,7,27.7,4.5,".214",".317",".252","0.569",".227",".385",".253",".285",".269",".158","71.8",24.4,12.7,9.4,28.9,21.4,"7.2",8,"88.5","14.4",36.5,6.7,36.5,"76.836212885","94.185568544",26.6,47.4
"Sasaki, Roki",808963,2025,23,"8","34.1",154,129,29,18,4,1,6,24,22,15.6,14.3,".225",".411",".351","0.762",".266",".513",".343",".390",".386",".247","71.4",20.6,15.9,13.2,38.2,31.9,"7.2",4,"90.4","13.6",32.4,10.5,44.8,"80.588860192","94.503791442",20.4,42.8
"Brown, Ben",676962,2025,25,"8","36.1",169,149,44,36,5,0,3,44,16,26,9.5,".295",".389",".373","0.762",".264",".408",".344",".334",".347",".144","71.2",19,16,12.1,36.2,27.4,"7.3",14,"91.6","10.8",41.5,6.6,44.3,"82.2071975","94.925784904",28.9,45.2
"Yamamoto, Yoshinobu",808967,2025,26,"8","45.0",175,160,30,19,7,0,4,53,14,30.3,8,".188",".306",".257","0.563",".216",".312",".255",".268",".283",".096","71.4",22.8,13.7,9.4,30.2,20.8,"7.3",4,"89.4","2.2",28,5.6,40.2,"77.980235","94.564901402",31.7,45.8
"Brown, Hunter",686613,2025,26,"8","48.2",181,167,30,22,6,1,1,58,14,32,7.7,".180",".246",".243","0.489",".224",".338",".225",".277",".284",".114","71.7",24.9,10.3,7.4,25.4,18.2,"7.1",9,"85","11.3",32.1,5.5,27.5,"72.388294182","92.908293303",28.4,45.3
"Sánchez, Cristopher",650911,2025,28,"7","37.1",183,162,36,25,6,0,5,52,17,28.4,9.3,".222",".352",".311","0.663",".220",".326",".301",".289",".310",".106","72.3",27.4,12.9,9,34.7,24.3,"7.6",8,"89.9","4",25.5,4.5,40,"79.445414","94.485179273",31.6,46.5
"Rasmussen, Drew",656876,2025,29,"8","40.0",158,146,32,23,3,0,6,35,10,22.2,6.3,".219",".363",".278","0.641",".263",".407",".287",".318",".319",".144","72.1",30,16.5,13.1,34.4,27.3,"7.1",7,"90.8","8.1",34.2,8.1,43.2,"81.023150364","94.551533455",22.2,49.8
"Cease, Dylan",656302,2025,29,"8","40.1",178,158,40,24,12,0,4,48,17,27,9.6,".253",".405",".328","0.733",".247",".429",".324",".326",".322",".182","71.6",22.9,12.4,8.6,28.7,19.9,"7.5",8,"88.3","16",43.2,10.8,39.6,"77.09822625","93.940925315",30.4,49.6
"Ray, Robbie",592662,2025,33,"8","44.1",181,155,30,19,6,0,5,46,23,25.4,12.7,".194",".329",".294","0.623",".211",".374",".284",".307",".313",".163","71.7",21.6,12.5,9,34.8,25.2,"7.4",3,"92.3","14.4",28.6,9.8,49.1,"83.271281481","95.399352222",28.4,47.7
"deGrom, Jacob",594798,2025,37,"8","43.0",169,158,34,21,6,0,7,46,10,27.2,5.9,".215",".386",".266","0.652",".211",".367",".288",".276",".263",".156","71.4",22.2,11.3,7.6,28.4,19.2,"7.4",8,"87.6","14.1",26.8,8,36.6,"76.086231818","93.573735636",32.9,50.7
"Pivetta, Nick",601713,2025,32,"8","44.1",177,161,33,22,6,1,4,49,14,27.7,7.9,".205",".329",".271","0.600",".236",".435",".270",".319",".300",".199","72.1",23.3,15.5,11,35.7,25.3,"7.3",1,"89.4","20.5",36.3,13.3,41.6,"78.281038571","94.454031441",28.6,48.8
"Morton, Charlie",450203,2025,41,"10","33.2",167,139,44,29,6,1,8,30,22,18,13.2,".317",".547",".407","0.954",".289",".497",".411",".381",".387",".208","71.9",22.1,18.6,14.4,36.2,28,"7.3",7,"91.6","11",31.9,10.6,47.8,"81.974946316","95.253826283",24.3,44.3
"Ryan, Joe",657746,2025,29,"8","46.0",178,168,33,19,7,0,7,54,5,30.3,2.8,".196",".363",".242","0.605",".209",".424",".267",".292",".254",".215","72.3",26.7,13.2,9.2,32,22.4,"7.2",3,"90.4","22.8",30.7,13.2,43.9,"80.345658947","94.704578053",30,50.4
"Skubal, Tarik",669373,2025,28,"8","47.2",184,176,37,30,3,0,4,60,5,32.6,2.7,".210",".295",".240","0.535",".226",".342",".240",".261",".256",".116","71.1",18.9,8.8,5.6,27.9,17.8,"7.3",6,"85.5","12",36.8,5.1,30.8,"73.604054483","92.730020957",35.8,55.7
"Povich, Cade",700249,2025,25,"7","35.2",158,145,43,28,7,1,7,29,12,18.4,7.6,".297",".503",".348","0.851",".304",".572",".368",".393",".357",".268","72",24.8,18.4,14.7,38.2,30.6,"7.4",4,"90.7","12.9",37.6,12,46.2,"79.920825","95.116716897",21.2,44.9
"May, Dustin",669160,2025,27,"7","39.2",166,150,34,23,5,2,4,33,15,19.9,9,".227",".367",".301","0.668",".276",".436",".299",".343",".346",".160","72.2",25.5,17.6,13.9,36.3,28.6,"7",3,"90.7","7",30.8,6.8,44.4,"78.988974655","95.497866552",21.9,44.6
"Ortiz, Luis",682847,2025,26,"8","43.1",188,166,38,24,7,1,6,49,21,26.1,11.2,".229",".392",".314","0.706",".261",".503",".314",".363",".343",".242","72.1",27.8,19.5,13.7,39,27.4,"7.3",6,"93.3","13.7",33.1,14.4,49.2,"83.442609483","96.468211207",30.4,47.4
"Elder, Bryce",693821,2025,26,"7","38.0",160,146,37,18,11,0,8,30,12,18.8,7.5,".253",".493",".306","0.799",".267",".479",".344",".341",".319",".212","72.4",28.9,19.2,15.9,36,29.7,"7.5",4,"89.7","9.1",25.4,10.2,44.9,"78.326762542","95.027535593",19.3,43.9
"Smith, Shane",681343,2025,25,"8","43.1",177,156,32,24,7,0,1,38,15,21.5,8.5,".205",".269",".294","0.563",".234",".337",".263",".300",".322",".103","71.6",24.7,12.4,9,34.2,24.7,"7.1",4,"88.7","12.8",28.6,4.2,39.5,"76.757505254","94.562353162",28.5,48.1
"Roupp, Landen",694738,2025,26,"8","40.0",178,161,46,33,7,0,6,42,14,23.6,7.9,".286",".441",".339","0.780",".240",".388",".343",".302",".301",".148","71.8",22.4,13.5,9.8,34.6,25.1,"7.6",9,"86.8","11.2",40.2,7.4,30.3,"75.1618535","93.264674286",28.8,44.2
"Mize, Casey",663554,2025,28,"7","42.2",167,157,34,24,3,1,6,35,9,21,5.4,".217",".363",".257","0.620",".208",".372",".273",".269",".250",".164","72.2",26.7,16.8,12.1,40.3,28.9,"7.3",4,"89.8","13.8",29.3,8.9,40.7,"79.774505806","94.279611057",28.3,49.5
"Patrick, Chad",694477,2025,26,"9","42.1",175,157,39,24,11,0,4,36,14,20.6,8,".248",".395",".310","0.705",".260",".414",".310",".319",".322",".154","71.3",17.3,13.2,10.5,32.1,25.5,"7.1",2,"90.2","22.4",40.3,4.8,45.2,"79.607912787","94.731050656",20.2,48.5
"Springs, Jeffrey",605488,2025,32,"8","39.1",175,152,37,23,8,0,6,32,19,18.3,10.9,".243",".414",".320","0.734",".245",".404",".323",".324",".327",".160","70.6",17.5,12,9.3,36.8,28.7,"7.3",4,"87.2","21",36.3,8.1,32.3,"76.75520129","92.901421452",24.1,45.3
"Paddack, Chris",663978,2025,29,"8","39.2",170,148,35,26,2,0,7,30,16,17.6,9.4,".236",".392",".302","0.694",".251",".461",".305",".342",".321",".211","71.4",23.9,14,11.6,30.9,25.7,"7.2",3,"90.5","16.7",33.1,9.7,42.7,"79.8527015","94.884731583",19.7,48.6
"King, Michael",650633,2025,30,"8","44.2",201,182,34,22,7,0,5,56,16,27.9,8,".187",".308",".259","0.567",".212",".372",".257",".289",".282",".160","71.5",20.8,13.6,9.9,28.5,20.8,"7.5",7,"88.6","18.4",30.7,10.2,40.9,"76.334177143","94.507835",28.1,44.4
"Falter, Bailey",663559,2025,28,"8","43.1",173,155,36,22,8,0,6,31,13,17.9,7.5,".232",".400",".291","0.691",".243",".416",".303",".309",".301",".173","71.4",23,16.7,13.6,35.7,29.2,"7.2",4,"89.8","19.1",28.9,8.6,44.5,"79.185659524","94.358891111",19.4,45.2
"Rodón, Carlos",607074,2025,32,"9","54.2",215,193,33,20,5,0,8,67,20,31.2,9.3,".171",".321",".248","0.569",".197",".348",".256",".276",".273",".151","71.7",25.8,9.8,7.1,32.5,23.3,"7.4",10,"89.2","14.5",30.5,7,38.3,"78.689070161","94.121193468",31.7,43.9
"Vásquez, Randy",681190,2025,26,"8","38.1",173,145,36,28,4,1,3,18,25,10.4,14.5,".248",".352",".364","0.716",".278",".489",".329",".386",".393",".211","71.8",26.2,13.1,10.9,33.2,27.7,"7.3",1,"86.8","14.9",32.8,10.2,33.6,"75.132564531","93.303927344",16.1,43.3
"Nola, Aaron",605400,2025,32,"8","46.0",196,177,47,31,8,0,8,50,15,25.5,7.7,".266",".446",".333","0.779",".264",".446",".345",".339",".332",".182","72.1",19.4,13.1,9.9,32,24.1,"7.6",10,"89.3","12.2",33.6,9.4,40.6,"78.604246094","94.406163543",26.4,46.7
"Boyd, Matthew",571510,2025,34,"8","45.1",192,172,46,34,6,1,5,45,13,23.4,6.8,".267",".401",".335","0.736",".250",".372",".329",".307",".319",".122","71.2",19.3,13.9,10.4,33.2,24.8,"7.3",3,"88.2","18.4",34.1,5.4,37.2,"76.830396719","93.851016953",26,50.9
"Hicks, Jordan",663855,2025,28,"8","43.1",189,169,46,34,7,3,2,40,15,21.2,7.9,".272",".385",".344","0.729",".258",".357",".326",".308",".332",".099","71.4",22.8,15,11.8,35.7,27.9,"7.3",8,"89.2","3",28.5,4.6,44.6,"77.203355846","94.900266769",24.4,44
"Berríos, José",621244,2025,31,"8","46.2",198,174,45,29,7,1,8,45,21,22.7,10.6,".259",".448",".340","0.788",".255",".464",".346",".350",".340",".209","73",29.9,18.2,13.9,36.4,27.7,"7.5",6,"90.2","13.8",30.5,12.2,44.3,"79.097375077","95.059101705",24.7,44.1
"Peterson, David",656849,2025,29,"7","38.1",193,172,44,30,10,0,4,43,16,22.3,8.3,".256",".384",".326","0.710",".282",".418",".318",".339",".351",".136","71.6",24.9,19.1,15.3,34.9,27.9,"7.3",14,"91.6","4.7",30.5,6.1,51.9,"81.118967656","95.991559449",22.5,47.6
"Heaney, Andrew",571760,2025,34,"8","45.2",187,167,35,16,13,1,5,36,16,19.3,8.6,".210",".389",".290","0.679",".260",".432",".302",".336",".336",".171","71.7",26.9,13.9,11,34.7,27.5,"7.3",5,"89.5","8.9",32.6,9.8,38.6,"78.958932615","94.348216744",21.5,48.5
"Francis, Bowden",670102,2025,29,"8","41.2",176,160,44,27,4,1,12,30,11,17,6.3,".275",".537",".324","0.861",".311",".552",".369",".393",".361",".241","72",27.4,20.1,16,37.5,29.9,"7.4",2,"91.1","20",30.8,12,50.4,"79.782318788","95.931332955",21,46.8
"Valdez, Framber",664285,2025,31,"8","48.0",196,175,40,23,11,1,5,44,17,22.4,8.7,".229",".389",".303","0.692",".274",".422",".307",".340",".346",".148","72.6",28.2,15.8,12.1,35.5,27.2,"7.4",8,"91.2","4.8",32.3,8.3,45.1,"81.061744697","95.302714504",24.5,47.4
"Imanaga, Shota",684007,2025,31,"8","44.2",181,166,35,20,8,0,7,34,14,18.8,7.7,".211",".386",".272","0.658",".254",".495",".291",".346",".312",".241","72.5",29.7,13.7,10.4,31.8,24,"7.5",4,"90.4","21.4",39.1,10.5,39.1,"81.013574154","94.173152615",25.3,54.2
"Sears, JP",676664,2025,29,"8","45.0",181,171,38,24,9,0,5,36,7,19.9,3.9,".222",".363",".265","0.628",".233",".418",".278",".299",".275",".185","71.5",21.5,12.5,10.4,31.9,26.5,"7.3",7,"88.7","19",31.1,7.4,40,"78.172564853","93.669852222",18.6,47.2
"Mahle, Tyler",641816,2025,30,"8","42.2",189,173,31,24,4,1,2,37,16,19.6,8.5,".179",".249",".249","0.498",".244",".370",".230",".300",".308",".126","71.6",23.1,9.4,7.2,32,24.6,"7.2",2,"87.7","11.8",30.1,5.1,31.6,"77.264163824","93.129079044",22.3,49.2
"Bibee, Tanner",676440,2025,26,"8","45.0",185,166,39,21,8,1,9,31,16,16.8,8.6,".235",".458",".308","0.766",".244",".452",".335",".333",".317",".209","71.6",22.6,14.9,12.2,30.7,25.1,"7.4",4,"88.8","13.4",27.9,10.3,40.4,"77.566854559","94.232831556",19.9,44.4
"Castillo, Luis",622491,2025,32,"8","43.1",189,169,42,29,9,0,4,33,18,17.5,9.5,".249",".373",".323","0.696",".253",".414",".312",".325",".327",".161","70.9",18.3,13,10.2,31.3,24.6,"7.1",5,"90.4","12.7",29.9,10.2,43.1,"79.700301912","94.945713235",21.1,50.1
"Martinez, Nick",607259,2025,34,"8","44.2",185,172,47,22,20,1,4,37,11,20,5.9,".273",".471",".315","0.786",".267",".415",".341",".317",".311",".148","71.9",27.7,11.6,8.9,38.1,29.1,"7.5",5,"88.3","16.9",35.8,7.3,36.5,"78.560992059","93.102568",26.1,47
"Taillon, Jameson",592791,2025,33,"8","43.2",181,171,42,21,10,1,10,35,9,19.3,5,".246",".491",".283","0.774",".270",".505",".334",".346",".307",".235","71.7",24.3,16.9,13.6,33.3,26.8,"7.4",11,"88.1","18.5",33.6,12.4,39.4,"75.711856029","94.329280667",21.7,47.4
"Lorenzen, Michael",547179,2025,33,"8","45.1",193,177,43,24,11,0,8,40,14,20.7,7.3,".243",".441",".301","0.742",".249",".442",".324",".326",".308",".193","71.6",21.9,12.2,9.3,36.2,27.6,"7.4",7,"89.2","15.1",36.2,9.4,40.6,"78.750757101","94.019511752",24.9,47.8
"Crochet, Garrett",676979,2025,26,"9","56.0",225,203,39,32,4,0,3,65,21,28.9,9.3,".192",".256",".267","0.523",".230",".367",".243",".300",".303",".138","71.2",22.7,10.3,7.5,28.7,20.9,"7.3",15,"88.2","11.6",34.5,7.9,36.7,"76.536240588","94.053635735",30.2,50
"Schwellenbach, Spencer",680885,2025,25,"8","47.1",194,181,43,25,12,1,5,43,9,22.2,4.6,".238",".398",".280","0.678",".280",".428",".295",".324",".321",".148","71.4",22.5,17.6,12.9,37.1,27.3,"7.3",6,"90.3","7.9",37.1,6.4,45.7,"79.225694857","94.965496547",28.3,53.1
"Martin, Davis",663436,2025,28,"8","42.2",184,167,48,31,10,2,5,28,12,15.2,6.5,".287",".461",".342","0.803",".326",".523",".351",".390",".380",".197","72",24.4,19.3,16.2,37.8,31.7,"7.2",7,"91.4","11.2",36.9,9.9,47.5,"80.947303571","95.589935214",18.7,47.9
"Kochanowicz, Jack",686799,2025,24,"8","43.0",186,162,46,36,3,0,7,24,18,12.9,9.7,".284",".432",".360","0.792",".274",".447",".347",".352",".356",".174","71.9",26.2,15.3,12.6,37.5,30.9,"7.3",3,"91.1","9.3",22.7,9.2,46.1,"81.059126338","94.945935816",18.9,49.3
"Pallante, Andre",669467,2025,26,"8","43.1",185,169,44,29,7,1,7,28,16,15.1,8.6,".260",".438",".324","0.762",".299",".467",".336",".360",".360",".168","72.3",26.5,19.9,15.9,42.2,33.7,"7.1",9,"90.4","-1.3",27,7.8,47.5,"78.881935714","95.378856643",22.2,44.8
"Fedde, Erick",607200,2025,32,"8","46.2",193,170,40,27,10,0,3,29,21,15,10.9,".235",".347",".321","0.668",".280",".449",".303",".356",".362",".170","72.4",30.8,15,12.8,33.8,28.9,"7.3",8,"90.9","15.4",29.6,8.5,43.7,"81.306008873","94.435675141",17.2,44.5
"Cannon, Jonathan",686563,2025,24,"8","44.0",195,176,47,32,8,1,6,33,17,16.9,8.7,".267",".426",".338","0.764",".265",".434",".339",".338",".337",".169","72.3",25.9,14.4,11.7,33.2,26.9,"7.3",5,"89.1","16.5",29.4,9.8,42,"78.074931127","94.379134184",19.7,47.9
"Webb, Logan",657277,2025,28,"9","55.1",222,206,50,38,9,1,2,65,14,29.3,6.3,".243",".325",".290","0.615",".241",".344",".276",".279",".289",".103","71.6",24.1,16.5,12.5,35,26.4,"7.2",9,"88.9","4.8",37.1,5.6,39.2,"77.367564648","94.401469574",26.7,44.8
"Keller, Mitch",656605,2025,29,"8","45.0",199,180,48,35,9,1,3,35,15,17.6,7.5,".267",".378",".337","0.715",".303",".462",".321",".363",".369",".159","71.2",20.7,15.2,12.8,31.5,26.4,"7.2",8,"89","12.9",38.6,6.9,42.1,"77.890713889","94.250389167",18.2,48
"Parker, Mitchell",680730,2025,25,"8","45.1",196,166,37,27,8,1,1,26,22,13.3,11.2,".223",".301",".318","0.619",".244",".365",".285",".319",".341",".121","71.9",26.2,15.9,12.8,32.2,25.9,"7.3",7,"88.8","14.5",26.2,3.4,42.1,"77.803326479","94.195494397",20.8,50.5
"Verlander, Justin",434378,2025,42,"8","42.0",205,187,49,29,12,0,8,40,16,19.5,7.8,".262",".455",".322","0.777",".268",".483",".340",".348",".328",".215","71.6",21.7,16.6,12.3,35.8,26.5,"7.3",8,"89.2","17.8",37.8,11.5,39.2,"78.471018243","94.221388108",26.4,51.4
"Kelly, Merrill",518876,2025,36,"8","44.0",206,193,42,23,12,1,6,41,12,19.9,5.8,".218",".383",".267","0.650",".270",".477",".287",".340",".316",".207","72.5",32.7,18.5,15.2,33.6,27.6,"7.4",16,"90.1","12.4",30.9,10.5,44.7,"78.113769067","95.194808733",21.1,48.1
"Lugo, Seth",607625,2025,35,"9","56.2",222,204,47,30,8,0,9,42,15,18.9,6.8,".230",".402",".285","0.687",".282",".488",".301",".351",".333",".206","71.7",21.6,19.3,15.9,37.2,30.5,"7.3",4,"90.5","13.2",32.3,7.9,45.7,"79.921748395","94.921528519",19.6,44.9
"Severino, Luis",622663,2025,31,"9","53.2",232,208,52,34,14,0,4,40,19,17.2,8.2,".250",".375",".317","0.692",".295",".427",".308",".344",".359",".133","71.2",20.1,15.8,13,34.4,28.3,"7.1",2,"90.2","12.5",35.7,4.7,43.3,"79.1543825","94.92682869",17.5,48.3